{"patch": {"fixtures": [{"address": "2", "universe": "0", "name": "TestFixt", "type": "DRGBW", "channelNum": 4, "channels": [{"type": "dim", "start": 0}, {"type": "red", "start": 0}, {"type": "green", "start": 0}, {"type": "blue", "start": 0}, {"type": "white", "start": 0}]}]}, "cues": {"cuelist0": {"name": "FXgen", "active": false, "loop": false, "cues": [{"events": [{"universe": "0", "address": "2", "newfx": "triangle", "fxid": "testtri", "start": "0", "end": "255", "speed": "50", "stepsInLow": "100"}], "wait": 0}]}, "cuelist1": {"name": "FxOFF", "active": false, "loop": false, "cues": [{"events": [{"universe": "0", "address": "2", "setfx": "triangle", "fxid": "testtri", "value": "False"}], "wait": 0}]}, "cuelist2": {"name": "Dim1", "active": false, "loop": false, "cues": [{"events": [{"universe": "0", "address": "1", "level": 255}], "wait": 500}, {"events": [{"universe": "0", "address": "2", "setfx": "triangle", "fxid": "testtri", "value": "True"}], "wait": 500}]}}, "macros": {"macro0": {"name": "Macro 1", "active": false}}}