{"patch": {"fixtures": [{"address": "2", "universe": "0", "name": "TestFixt", "type": "DRGBW", "channelNum": 4, "channels": [{"type": "dim", "start": 0}, {"type": "red", "start": 0}, {"type": "green", "start": 0}, {"type": "blue", "start": 0}, {"type": "white", "start": 0}]}]}, "cues": {"cuelist0": {"name": "Dim1", "active": false, "loop": true, "cues": [{"events": [{"universe": "0", "address": "1", "level": 255}], "wait": 100}, {"events": [{"address": "1", "level": 0}], "wait": 100}]}}, "macros": {"macro0": {"name": "Macro 1", "active": false}}}