{ "CTk": {
    "fg_color": "black"
  },
  "CTkToplevel": {
    "fg_color": "#222222"
  },
  "CTkFrame": {
    "corner_radius": 6,
    "border_width": 0,
    "fg_color": "#111111",
    "top_fg_color": "#000000",
    "border_color": "#FD8B00"
  },
  "CTkButton": {
    "corner_radius": 6,
    "border_width": 1,
    "fg_color": "#000000",
    "hover_color": "#101010",
    "border_color": "#FD8B00",
    "text_color": "#FD8B00",
    "text_color_disabled": "#A04B00"
  },
  "CTkLabel": {
    "corner_radius": 0,
    "fg_color": "transparent",
    "text_color": "#FD8B00"
  },
  "CTkEntry": {
    "corner_radius": 6,
    "border_width": 2,
    "fg_color": "#000000",
    "border_color": "#FD8B00",
    "text_color": "#FD8B00",
    "placeholder_text_color": "#A04B00"
  },
  "CTkCheckBox": {
    "corner_radius": 6,
    "border_width": 3,
    "fg_color": "#000000",
    "border_color": "#FD8B00",
    "hover_color": "#FFAE00",
    "checkmark_color": "#FD8B00",
    "text_color": "#FD8B00",
    "text_color_disabled": "#A04B00"
  },
  "CTkSwitch": {
    "corner_radius": 1000,
    "border_width": 3,
    "button_length": 0,
    "fg_color": "#A04B00",
    "progress_color": "#FD8B00",
    "button_color": "#FFAE00",
    "button_hover_color": "#FFCE00",
    "text_color": "#FD8B00",
    "text_color_disabled": "#A04B00"
  },
  "CTkRadioButton": {
    "corner_radius": 1000,
    "border_width_checked": 6,
    "border_width_unchecked": 3,
    "fg_color": ["#3a7ebf", "#1f538d"],
    "border_color": ["#3E454A", "#949A9F"],
    "hover_color": ["#325882", "#14375e"],
    "text_color": ["gray14", "gray84"],
    "text_color_disabled": ["gray60", "gray45"]
  },
  "CTkProgressBar": {
    "corner_radius": 0,
    "border_width": 0,
    "fg_color": "#A04B00",
    "progress_color": "#FD8B00",
    "border_color": ["gray", "gray"]
  },
  "CTkSlider": {
    "corner_radius": 1000,
    "button_corner_radius": 1000,
    "border_width": 6,
    "button_length": 0,
    "fg_color": "#A04B00",
    "progress_color": "#FD8B00",
    "button_color": "#FFAE00",
    "button_hover_color": "#FFCE00"
  },
  "CTkOptionMenu": {
    "corner_radius": 6,
    "fg_color": "#000000",
    "button_color": "#FD8B00",
    "button_hover_color": "#A04B00",
    "text_color": "#FD8B00",
    "text_color_disabled": ["gray74", "gray60"]
  },
  "CTkComboBox": {
    "corner_radius": 6,
    "border_width": 2,
    "fg_color": ["#F9F9FA", "#343638"],
    "border_color": ["#979DA2", "#565B5E"],
    "button_color": ["#979DA2", "#565B5E"],
    "button_hover_color": ["#6E7174", "#7A848D"],
    "text_color": ["gray14", "gray84"],
    "text_color_disabled": ["gray50", "gray45"]
  },
  "CTkScrollbar": {
    "corner_radius": 1000,
    "border_spacing": 4,
    "fg_color": "transparent",
    "button_color": ["gray55", "gray41"],
    "button_hover_color": ["gray40", "gray53"]
  },
  "CTkSegmentedButton": {
    "corner_radius": 6,
    "border_width": 2,
    "fg_color": ["#979DA2", "gray29"],
    "selected_color": ["#3a7ebf", "#1f538d"],
    "selected_hover_color": ["#325882", "#14375e"],
    "unselected_color": ["#979DA2", "gray29"],
    "unselected_hover_color": ["gray70", "gray41"],
    "text_color": ["#DCE4EE", "#DCE4EE"],
    "text_color_disabled": ["gray74", "gray60"]
  },
  "CTkTextbox": {
    "corner_radius": 6,
    "border_width": 1,
    "fg_color": "#000000",
    "border_color": "#FD8B00",
    "text_color": "#FD8B00",
    "scrollbar_button_color": "#FD8B00",
    "scrollbar_button_hover_color": "#A04B00"
  },
  "CTkScrollableFrame": {
    "label_fg_color": "#000000",
    "scrollbar_button_color": "#FD8B00",
    "scrollbar_button_hover_color": "#A04B00"
  },
  "DropdownMenu": {
    "fg_color": "#000000",
    "hover_color": "#101010",
    "text_color": "#FD8B00"
  },
  "CTkFont": {
    "macOS": {
      "family": "SF Display",
      "size": 13,
      "weight": "normal"
    },
    "Windows": {
      "family": "Roboto",
      "size": 13,
      "weight": "normal"
    },
    "Linux": {
      "family": "Roboto",
      "size": 13,
      "weight": "normal"
    }
  }
}
