{"preferences": {"general": {"currentshow": "shows/Testshow.json"}, "dmxcontrol": {"isserver": true, "isclient": true, "enableOLA": true, "universes": [0], "ip": "127.0.0.1", "port": 10261}, "debug": true}, "gui": {"framework": "tk", "style": {"general": {"buttonbg": "#161616", "buttonhover": "#323131", "buttonborder": "#F69600", "buttontxt": "#F69600", "buttonborderwidth": 1}, "main": {"size": {"width": 750, "height": 450}, "background": "black", "framebg": "gray", "framebordersize": 4, "framerelief": "sunken", "frames": {"cmdexec": {"background": "gray", "entrybg": "#111111", "entryfg": "orange", "entryph": "darkorange"}}}}}, "system": {"version": [0, 40]}}