{"digitFont": {"A": [["-", "-", "-", "-", "-"], ["|", " ", " ", " ", "|"], ["|", " ", " ", " ", "|"], ["-", "-", "-", "-", "-"], ["|", " ", " ", " ", "|"], ["|", " ", " ", " ", "|"], ["-", " ", " ", " ", "-"]], "B": [["-", "-", "-", "-", "-"], ["|", " ", " ", " ", "|"], ["|", " ", " ", " ", "|"], ["-", "-", "-", "-", " "], ["|", " ", " ", " ", "|"], ["|", " ", " ", " ", "|"], ["-", "-", "-", "-", "-"]], "C": [["-", "-", "-", "-", "-"], ["|", " ", " ", " ", " "], ["|", " ", " ", " ", " "], ["-", " ", " ", " ", " "], ["|", " ", " ", " ", " "], ["|", " ", " ", " ", " "], ["-", "-", "-", "-", "-"]], "D": [["-", "-", "-", "-", " "], ["|", " ", " ", " ", "|"], ["|", " ", " ", " ", "|"], ["-", " ", " ", " ", "-"], ["|", " ", " ", " ", "|"], ["|", " ", " ", " ", "|"], ["-", "-", "-", "-", " "]], "E": [["-", "-", "-", "-", "-"], ["|", " ", " ", " ", " "], ["|", " ", " ", " ", " "], ["-", "-", "-", "-", "-"], ["|", " ", " ", " ", " "], ["|", " ", " ", " ", " "], ["-", "-", "-", "-", "-"]], "F": [["-", "-", "-", "-", "-"], ["|", " ", " ", " ", " "], ["|", " ", " ", " ", " "], ["-", "-", "-", "-", "-"], ["|", " ", " ", " ", " "], ["|", " ", " ", " ", " "], ["-", " ", " ", " ", " "]], "G": [["-", "-", "-", "-", "-"], ["|", " ", " ", " ", "|"], ["|", " ", " ", " ", " "], ["-", " ", "-", "-", "-"], ["|", " ", " ", " ", "|"], ["|", " ", " ", " ", "|"], ["-", "-", "-", "-", "-"]], "H": [["-", " ", " ", " ", "-"], ["|", " ", " ", " ", "|"], ["|", " ", " ", " ", "|"], ["-", "-", "-", "-", "-"], ["|", " ", " ", " ", "|"], ["|", " ", " ", " ", "|"], ["-", " ", " ", " ", "-"]], "I": [["-", " ", " ", " ", " "], ["|", " ", " ", " ", " "], ["|", " ", " ", " ", " "], ["-", " ", " ", " ", " "], ["|", " ", " ", " ", " "], ["|", " ", " ", " ", " "], ["-", " ", " ", " ", " "]], "J": [["-", "-", "-", "-", "-"], [" ", " ", " ", " ", "|"], [" ", " ", " ", " ", "|"], [" ", " ", " ", " ", "-"], ["|", " ", " ", " ", "|"], ["|", " ", " ", " ", "|"], ["-", "-", "-", "-", "-"]], "K": [["-", " ", " ", " ", "-"], ["|", " ", " ", " ", "|"], ["|", " ", " ", " ", "|"], ["-", "-", "-", "-", " "], ["|", " ", " ", " ", "|"], ["|", " ", " ", " ", "|"], ["-", " ", " ", " ", "-"]], "L": [["-", " ", " ", " ", " "], ["|", " ", " ", " ", " "], ["|", " ", " ", " ", " "], ["-", " ", " ", " ", " "], ["|", " ", " ", " ", " "], ["|", " ", " ", " ", " "], ["-", "-", "-", "-", "-"]], "M": [["-", " ", " ", " ", "-"], ["|", "\\", "_", "/", "|"], ["|", " ", " ", " ", "|"], ["-", " ", " ", " ", "-"], ["|", " ", " ", " ", "|"], ["|", " ", " ", " ", "|"], ["-", " ", " ", " ", "-"]], "N": [["-", " ", " ", " ", "-"], ["|", "-", " ", " ", "|"], ["|", " ", "-", " ", "|"], ["-", " ", " ", "-", "-"], ["|", " ", " ", " ", "|"], ["|", " ", " ", " ", "|"], ["-", " ", " ", " ", "-"]], "O": [["-", "-", "-", "-", "-"], ["|", " ", " ", " ", "|"], ["|", " ", " ", " ", "|"], ["-", " ", " ", " ", "-"], ["|", " ", " ", " ", "|"], ["|", " ", " ", " ", "|"], ["-", "-", "-", "-", "-"]], "P": [["-", "-", "-", "-", "-"], ["|", " ", " ", " ", "|"], ["|", " ", " ", " ", "|"], ["-", "-", "-", "-", "-"], ["|", " ", " ", " ", " "], ["|", " ", " ", " ", " "], ["-", " ", " ", " ", " "]], "Q": [["-", "-", "-", "-", "-"], ["|", " ", " ", " ", "|"], ["|", " ", " ", " ", "|"], ["-", "-", "-", "-", "-"], [" ", " ", " ", " ", "|"], [" ", " ", " ", " ", "|"], [" ", " ", " ", " ", "-"]], "R": [["-", "-", "-", "-", "-"], ["|", " ", " ", " ", "|"], ["|", " ", " ", " ", "|"], ["-", "-", "-", "-", "-"], ["|", "-", " ", " ", " "], ["|", " ", "-", "-", " "], ["-", " ", " ", " ", "-"]], "S": [["-", "-", "-", "-", "-"], ["|", " ", " ", " ", " "], ["|", " ", " ", " ", " "], ["-", "-", "-", "-", "-"], [" ", " ", " ", " ", "|"], [" ", " ", " ", " ", "|"], ["-", "-", "-", "-", "-"]], "T": [["-", " ", " ", " ", " "], ["|", " ", " ", " ", " "], ["|", " ", " ", " ", " "], ["-", "-", "-", "-", "-"], ["|", " ", " ", " ", " "], ["|", " ", " ", " ", " "], ["-", "-", "-", "-", "-"]], "U": [["-", " ", " ", " ", "-"], ["|", " ", " ", " ", "|"], ["|", " ", " ", " ", "|"], ["-", " ", " ", " ", "-"], ["|", " ", " ", " ", "|"], ["|", " ", " ", " ", "|"], ["-", "-", "-", "-", "-"]], "V": [["-", " ", " ", " ", "-"], ["|", " ", " ", " ", "|"], ["|", " ", " ", " ", "|"], ["-", " ", " ", " ", "-"], ["|", " ", " ", "-", " "], ["|", " ", "-", " ", " "], ["-", "-", " ", " ", " "]], "0": [["-", "-", "-", "-", "-"], ["|", " ", " ", " ", "|"], ["|", "-", " ", " ", "|"], ["-", " ", "-", " ", "-"], ["|", " ", " ", "-", "|"], ["|", " ", " ", " ", "|"], ["-", "-", "-", "-", "-"]], "1": [[" ", " ", " ", " ", "-"], [" ", " ", " ", " ", "|"], [" ", " ", " ", " ", "|"], [" ", " ", " ", " ", "-"], [" ", " ", " ", " ", "|"], [" ", " ", " ", " ", "|"], [" ", " ", " ", " ", "-"]], "2": [["-", "-", "-", "-", "-"], [" ", " ", " ", " ", "|"], [" ", " ", " ", " ", "|"], ["-", "-", "-", "-", "-"], ["|", " ", " ", " ", " "], ["|", " ", " ", " ", " "], ["-", "-", "-", "-", "-"]], "3": [["-", "-", "-", "-", "-"], [" ", " ", " ", " ", "|"], [" ", " ", " ", " ", "|"], ["-", "-", "-", "-", "-"], [" ", " ", " ", " ", "|"], [" ", " ", " ", " ", "|"], ["-", "-", "-", "-", "-"]], "4": [["-", " ", " ", " ", "-"], ["|", " ", " ", " ", "|"], ["|", " ", " ", " ", "|"], ["-", "-", "-", "-", "-"], [" ", " ", " ", " ", "|"], [" ", " ", " ", " ", "|"], [" ", " ", " ", " ", "-"]], "5": [["-", "-", "-", "-", "-"], ["|", " ", " ", " ", " "], ["|", " ", " ", " ", " "], ["-", "-", "-", "-", "-"], [" ", " ", " ", " ", "|"], [" ", " ", " ", " ", "|"], ["-", "-", "-", "-", "-"]], "6": [["-", "-", "-", "-", "-"], ["|", " ", " ", " ", " "], ["|", " ", " ", " ", " "], ["-", "-", "-", "-", "-"], ["|", " ", " ", " ", "|"], ["|", " ", " ", " ", "|"], ["-", "-", "-", "-", "-"]], "7": [["-", "-", "-", "-", "-"], [" ", " ", " ", " ", "|"], [" ", " ", " ", " ", "|"], [" ", " ", " ", " ", "-"], [" ", " ", " ", " ", "|"], [" ", " ", " ", " ", "|"], [" ", " ", " ", " ", "-"]], "8": [["-", "-", "-", "-", "-"], ["|", " ", " ", " ", "|"], ["|", " ", " ", " ", "|"], ["-", "-", "-", "-", "-"], ["|", " ", " ", " ", "|"], ["|", " ", " ", " ", "|"], ["-", "-", "-", "-", "-"]], "9": [["-", "-", "-", "-", "-"], ["|", " ", " ", " ", "|"], ["|", " ", " ", " ", "|"], ["-", "-", "-", "-", "-"], [" ", " ", " ", " ", "|"], [" ", " ", " ", " ", "|"], ["-", "-", "-", "-", "-"]], " ": [[" ", " ", " ", " ", " "], [" ", " ", " ", " ", " "], [" ", " ", " ", " ", " "], [" ", " ", " ", " ", " "], [" ", " ", " ", " ", " "], [" ", " ", " ", " ", " "], [" ", " ", " ", " ", " "]], "W": [["-", " ", " ", " ", "-"], ["|", " ", " ", " ", "|"], ["|", " ", " ", " ", "|"], ["-", " ", " ", " ", "-"], ["|", " ", "-", " ", "|"], ["|", "-", " ", "-", "|"], ["-", " ", " ", " ", "-"]], "X": [["-", " ", " ", " ", "-"], ["|", " ", " ", " ", "|"], [" ", "-", " ", "-", " "], [" ", " ", "-", " ", " "], [" ", "-", " ", "-", " "], ["|", " ", " ", " ", "|"], ["-", " ", " ", " ", "-"]], "Y": [["-", " ", " ", " ", "-"], ["|", " ", " ", " ", "|"], ["|", " ", " ", " ", "|"], ["-", "-", "-", "-", "-"], [" ", " ", " ", " ", "|"], [" ", " ", " ", " ", "|"], ["-", "-", "-", "-", "-"]], "Z": [["-", "-", "-", "-", "-"], [" ", " ", " ", " ", "|"], [" ", " ", " ", "-", " "], [" ", " ", "-", " ", " "], [" ", "-", " ", " ", " "], ["|", " ", " ", " ", " "], ["-", "-", "-", "-", "-"]], "-": [[" ", " ", " ", " ", " "], [" ", " ", " ", " ", " "], [" ", " ", " ", " ", " "], ["-", "-", "-", "-", "-"], [" ", " ", " ", " ", " "], [" ", " ", " ", " ", " "], [" ", " ", " ", " ", " "]], "\"": [["-", " ", " ", " ", "-"], ["|", " ", " ", " ", "|"], ["|", " ", " ", " ", "|"], ["-", " ", " ", " ", "-"], [" ", " ", " ", " ", " "], [" ", " ", " ", " ", " "], [" ", " ", " ", " ", " "]], "=": [[" ", " ", " ", " ", " "], [" ", " ", " ", " ", " "], [" ", " ", " ", " ", " "], ["-", "-", "-", "-", "-"], [" ", " ", " ", " ", " "], [" ", " ", " ", " ", " "], ["-", "-", "-", "-", "-"]]}, "pixelFont": {"A": [["\u2588", "\u2588", "\u2588", "\u2588", "\u2588"], ["\u2588", " ", " ", " ", "\u2588"], ["\u2588", " ", " ", " ", "\u2588"], ["\u2588", "\u2588", "\u2588", "\u2588", "\u2588"], ["\u2588", " ", " ", " ", "\u2588"], ["\u2588", " ", " ", " ", "\u2588"], ["\u2588", " ", " ", " ", "\u2588"]], "B": [["\u2588", "\u2588", "\u2588", "\u2588", "\u2588"], ["\u2588", " ", " ", " ", "\u2588"], ["\u2588", " ", " ", " ", "\u2588"], ["\u2588", "\u2588", "\u2588", "\u2588", " "], ["\u2588", " ", " ", " ", "\u2588"], ["\u2588", " ", " ", " ", "\u2588"], ["\u2588", "\u2588", "\u2588", "\u2588", "\u2588"]], "C": [[" ", "\u2588", "\u2588", "\u2588", "\u2588"], ["\u2588", " ", " ", " ", " "], ["\u2588", " ", " ", " ", " "], ["\u2588", " ", " ", " ", " "], ["\u2588", " ", " ", " ", " "], ["\u2588", " ", " ", " ", " "], [" ", "\u2588", "\u2588", "\u2588", "\u2588"]], "D": [["\u2588", "\u2588", "\u2588", "\u2588", " "], ["\u2588", " ", " ", " ", "\u2588"], ["\u2588", " ", " ", " ", "\u2588"], ["\u2588", " ", " ", " ", "\u2588"], ["\u2588", " ", " ", " ", "\u2588"], ["\u2588", " ", " ", " ", "\u2588"], ["\u2588", "\u2588", "\u2588", "\u2588", " "]], "E": [["\u2588", "\u2588", "\u2588", "\u2588", "\u2588"], ["\u2588", " ", " ", " ", " "], ["\u2588", " ", " ", " ", " "], ["\u2588", "\u2588", "\u2588", " ", " "], ["\u2588", " ", " ", " ", " "], ["\u2588", " ", " ", " ", " "], ["\u2588", "\u2588", "\u2588", "\u2588", "\u2588"]], "F": [["\u2588", "\u2588", "\u2588", "\u2588", "\u2588"], ["\u2588", " ", " ", " ", " "], ["\u2588", " ", " ", " ", " "], ["\u2588", "\u2588", "\u2588", " ", " "], ["\u2588", " ", " ", " ", " "], ["\u2588", " ", " ", " ", " "], ["\u2588", " ", " ", " ", " "]], "G": [[" ", "\u2588", "\u2588", "\u2588", "\u2588"], ["\u2588", " ", " ", " ", " "], ["\u2588", " ", " ", " ", " "], ["\u2588", " ", " ", " ", "\u2588"], ["\u2588", " ", " ", " ", "\u2588"], ["\u2588", " ", " ", " ", "\u2588"], [" ", "\u2588", "\u2588", "\u2588", " "]], "H": [["\u2588", " ", " ", " ", "\u2588"], ["\u2588", " ", " ", " ", "\u2588"], ["\u2588", " ", " ", " ", "\u2588"], ["\u2588", "\u2588", "\u2588", "\u2588", "\u2588"], ["\u2588", " ", " ", " ", "\u2588"], ["\u2588", " ", " ", " ", "\u2588"], ["\u2588", " ", " ", " ", "\u2588"]], "I": [[" ", "\u2588", "\u2588", "\u2588", " "], [" ", " ", "\u2588", " ", " "], [" ", " ", "\u2588", " ", " "], [" ", " ", "\u2588", " ", " "], [" ", " ", "\u2588", " ", " "], [" ", " ", "\u2588", " ", " "], [" ", "\u2588", "\u2588", "\u2588", " "]], "J": [["\u2588", "\u2588", "\u2588", "\u2588", "\u2588"], [" ", " ", " ", " ", "\u2588"], [" ", " ", " ", " ", "\u2588"], [" ", " ", " ", " ", "\u2588"], [" ", " ", " ", " ", "\u2588"], ["\u2588", " ", " ", " ", "\u2588"], [" ", "\u2588", "\u2588", "\u2588", " "]], "K": [["\u2588", " ", " ", " ", "\u2588"], ["\u2588", " ", " ", " ", "\u2588"], ["\u2588", " ", " ", "\u2588", " "], ["\u2588", "\u2588", "\u2588", " ", " "], ["\u2588", " ", " ", "\u2588", " "], ["\u2588", " ", " ", " ", "\u2588"], ["\u2588", " ", " ", " ", "\u2588"]], "L": [["\u2588", " ", " ", " ", " "], ["\u2588", " ", " ", " ", " "], ["\u2588", " ", " ", " ", " "], ["\u2588", " ", " ", " ", " "], ["\u2588", " ", " ", " ", " "], ["\u2588", " ", " ", " ", " "], ["\u2588", "\u2588", "\u2588", "\u2588", "\u2588"]], "M": [["\u2588", " ", " ", " ", "\u2588"], ["\u2588", "\u2588", " ", "\u2588", "\u2588"], ["\u2588", " ", "\u2588", " ", "\u2588"], ["\u2588", " ", " ", " ", "\u2588"], ["\u2588", " ", " ", " ", "\u2588"], ["\u2588", " ", " ", " ", "\u2588"], ["\u2588", " ", " ", " ", "\u2588"]], "N": [["\u2588", " ", " ", " ", "\u2588"], ["\u2588", "\u2588", " ", " ", "\u2588"], ["\u2588", " ", "\u2588", " ", "\u2588"], ["\u2588", " ", " ", "\u2588", "\u2588"], ["\u2588", " ", " ", " ", "\u2588"], ["\u2588", " ", " ", " ", "\u2588"], ["\u2588", " ", " ", " ", "\u2588"]], "O": [["\u2588", "\u2588", "\u2588", "\u2588", "\u2588"], ["\u2588", " ", " ", " ", "\u2588"], ["\u2588", " ", " ", " ", "\u2588"], ["\u2588", " ", " ", " ", "\u2588"], ["\u2588", " ", " ", " ", "\u2588"], ["\u2588", " ", " ", " ", "\u2588"], ["\u2588", "\u2588", "\u2588", "\u2588", "\u2588"]], "P": [["\u2588", "\u2588", "\u2588", "\u2588", " "], ["\u2588", " ", " ", " ", "\u2588"], ["\u2588", " ", " ", " ", "\u2588"], ["\u2588", "\u2588", "\u2588", "\u2588", " "], ["\u2588", " ", " ", " ", " "], ["\u2588", " ", " ", " ", " "], ["\u2588", " ", " ", " ", " "]], "Q": [["\u2588", "\u2588", "\u2588", "\u2588", "\u2588"], ["\u2588", " ", " ", " ", "\u2588"], ["\u2588", " ", " ", " ", "\u2588"], ["\u2588", " ", " ", " ", "\u2588"], ["\u2588", " ", "\u2588", " ", "\u2588"], ["\u2588", " ", " ", "\u2588", "\u2588"], ["\u2588", "\u2588", "\u2588", "\u2588", "\u2588"]], "R": [["\u2588", "\u2588", "\u2588", "\u2588", " "], ["\u2588", " ", " ", " ", "\u2588"], ["\u2588", " ", " ", " ", "\u2588"], ["\u2588", "\u2588", "\u2588", "\u2588", " "], ["\u2588", "\u2588", " ", " ", " "], ["\u2588", " ", "\u2588", "\u2588", " "], ["\u2588", " ", " ", " ", "\u2588"]], "S": [[" ", "\u2588", "\u2588", "\u2588", " "], ["\u2588", " ", " ", " ", "\u2588"], ["\u2588", " ", " ", " ", " "], [" ", "\u2588", "\u2588", "\u2588", " "], [" ", " ", " ", " ", "\u2588"], ["\u2588", " ", " ", " ", "\u2588"], [" ", "\u2588", "\u2588", "\u2588", " "]], "T": [["\u2588", "\u2588", "\u2588", "\u2588", "\u2588"], [" ", " ", "\u2588", " ", " "], [" ", " ", "\u2588", " ", " "], [" ", " ", "\u2588", " ", " "], [" ", " ", "\u2588", " ", " "], [" ", " ", "\u2588", " ", " "], [" ", " ", "\u2588", " ", " "]], "U": [["\u2588", " ", " ", " ", "\u2588"], ["\u2588", " ", " ", " ", "\u2588"], ["\u2588", " ", " ", " ", "\u2588"], ["\u2588", " ", " ", " ", "\u2588"], ["\u2588", " ", " ", " ", "\u2588"], ["\u2588", " ", " ", " ", "\u2588"], [" ", "\u2588", "\u2588", "\u2588", " "]], "V": [["\u2588", " ", " ", " ", "\u2588"], ["\u2588", " ", " ", " ", "\u2588"], ["\u2588", " ", " ", " ", "\u2588"], ["\u2588", " ", " ", " ", "\u2588"], ["\u2588", " ", " ", " ", "\u2588"], [" ", "\u2588", " ", "\u2588", " "], [" ", " ", "\u2588", " ", " "]], "W": [["\u2588", " ", " ", " ", "\u2588"], ["\u2588", " ", " ", " ", "\u2588"], ["\u2588", " ", " ", " ", "\u2588"], ["\u2588", " ", " ", " ", "\u2588"], ["\u2588", " ", "\u2588", " ", "\u2588"], ["\u2588", "\u2588", " ", "\u2588", "\u2588"], ["\u2588", " ", " ", " ", "\u2588"]], "X": [["\u2588", " ", " ", " ", "\u2588"], ["\u2588", " ", " ", " ", "\u2588"], [" ", "\u2588", " ", "\u2588", " "], [" ", " ", "\u2588", " ", " "], [" ", "\u2588", " ", "\u2588", " "], ["\u2588", " ", " ", " ", "\u2588"], ["\u2588", " ", " ", " ", "\u2588"]], "Y": [["\u2588", " ", " ", " ", "\u2588"], ["\u2588", " ", " ", " ", "\u2588"], [" ", "\u2588", " ", "\u2588", " "], [" ", "\u2588", " ", "\u2588", " "], [" ", " ", "\u2588", " ", " "], [" ", " ", "\u2588", " ", " "], [" ", " ", "\u2588", " ", " "]], "Z": [["\u2588", "\u2588", "\u2588", "\u2588", "\u2588"], [" ", " ", " ", " ", "\u2588"], [" ", " ", " ", "\u2588", " "], [" ", " ", "\u2588", " ", " "], [" ", "\u2588", " ", " ", " "], ["\u2588", " ", " ", " ", " "], ["\u2588", "\u2588", "\u2588", "\u2588", "\u2588"]], "0": [[" ", "\u2588", "\u2588", "\u2588", " "], ["\u2588", " ", " ", " ", "\u2588"], ["\u2588", " ", " ", " ", "\u2588"], ["\u2588", " ", " ", " ", "\u2588"], ["\u2588", " ", " ", " ", "\u2588"], ["\u2588", " ", " ", " ", "\u2588"], [" ", "\u2588", "\u2588", "\u2588", " "]], "1": [[" ", " ", "\u2588", " ", " "], [" ", "\u2588", "\u2588", " ", " "], ["\u2588", " ", "\u2588", " ", " "], [" ", " ", "\u2588", " ", " "], [" ", " ", "\u2588", " ", " "], [" ", " ", "\u2588", " ", " "], ["\u2588", "\u2588", "\u2588", "\u2588", "\u2588"]], "2": [[" ", "\u2588", "\u2588", "\u2588", " "], ["\u2588", " ", " ", " ", "\u2588"], [" ", " ", " ", "\u2588", " "], [" ", " ", "\u2588", " ", " "], [" ", "\u2588", " ", " ", " "], ["\u2588", " ", " ", " ", " "], ["\u2588", "\u2588", "\u2588", "\u2588", "\u2588"]], "3": [[" ", "\u2588", "\u2588", "\u2588", " "], ["\u2588", " ", " ", " ", "\u2588"], [" ", " ", " ", " ", "\u2588"], [" ", "\u2588", "\u2588", "\u2588", " "], [" ", " ", " ", " ", "\u2588"], ["\u2588", " ", " ", " ", "\u2588"], [" ", "\u2588", "\u2588", "\u2588", " "]], "4": [["\u2588", " ", " ", " ", "\u2588"], ["\u2588", " ", " ", " ", "\u2588"], ["\u2588", " ", " ", " ", "\u2588"], ["\u2588", "\u2588", "\u2588", "\u2588", "\u2588"], [" ", " ", " ", " ", "\u2588"], [" ", " ", " ", " ", "\u2588"], [" ", " ", " ", " ", "\u2588"]], "5": [["\u2588", "\u2588", "\u2588", "\u2588", "\u2588"], ["\u2588", " ", " ", " ", " "], ["\u2588", " ", "\u2588", "\u2588", " "], ["\u2588", "\u2588", " ", " ", "\u2588"], [" ", " ", " ", " ", "\u2588"], [" ", " ", " ", " ", "\u2588"], ["\u2588", "\u2588", "\u2588", "\u2588", " "]], "6": [[" ", "\u2588", "\u2588", "\u2588", " "], ["\u2588", " ", " ", " ", "\u2588"], ["\u2588", " ", " ", " ", " "], [" ", "\u2588", "\u2588", "\u2588", " "], ["\u2588", " ", " ", " ", "\u2588"], ["\u2588", " ", " ", " ", "\u2588"], [" ", "\u2588", "\u2588", "\u2588", " "]], "7": [["\u2588", "\u2588", "\u2588", "\u2588", "\u2588"], [" ", " ", " ", " ", "\u2588"], [" ", " ", " ", "\u2588", " "], [" ", " ", " ", "\u2588", " "], [" ", " ", "\u2588", " ", " "], [" ", " ", "\u2588", " ", " "], [" ", "\u2588", " ", " ", " "]], "8": [[" ", "\u2588", "\u2588", "\u2588", " "], ["\u2588", " ", " ", " ", "\u2588"], ["\u2588", " ", " ", " ", "\u2588"], [" ", "\u2588", "\u2588", "\u2588", " "], ["\u2588", " ", " ", " ", "\u2588"], ["\u2588", " ", " ", " ", "\u2588"], [" ", "\u2588", "\u2588", "\u2588", " "]], "9": [[" ", "\u2588", "\u2588", "\u2588", " "], ["\u2588", " ", " ", " ", "\u2588"], ["\u2588", " ", " ", " ", "\u2588"], [" ", "\u2588", "\u2588", "\u2588", " "], [" ", " ", " ", " ", "\u2588"], [" ", " ", " ", " ", "\u2588"], [" ", "\u2588", "\u2588", "\u2588", " "]], " ": [[" ", " ", " ", " ", " "], [" ", " ", " ", " ", " "], [" ", " ", " ", " ", " "], [" ", " ", " ", " ", " "], [" ", " ", " ", " ", " "], [" ", " ", " ", " ", " "], [" ", " ", " ", " ", " "]], ":": [[" ", " ", " ", " ", " "], [" ", " ", " ", " ", " "], [" ", " ", "\u2588", " ", " "], [" ", " ", " ", " ", " "], [" ", " ", "\u2588", " ", " "], [" ", " ", " ", " ", " "], [" ", " ", " ", " ", " "]], "\"": [[" ", "\u2588", " ", "\u2588", " "], [" ", "\u2588", " ", "\u2588", " "], [" ", "\u2588", " ", "\u2588", " "], [" ", " ", " ", " ", " "], [" ", " ", " ", " ", " "], [" ", " ", " ", " ", " "], [" ", " ", " ", " ", " "]], ".": [[" ", " ", " ", " ", " "], [" ", " ", " ", " ", " "], [" ", " ", " ", " ", " "], [" ", " ", " ", " ", " "], [" ", " ", " ", " ", " "], [" ", " ", " ", " ", " "], [" ", " ", "\u2588", " ", " "]], "!": [[" ", " ", "\u2588", " ", " "], [" ", " ", "\u2588", " ", " "], [" ", " ", "\u2588", " ", " "], [" ", " ", "\u2588", " ", " "], [" ", " ", "\u2588", " ", " "], [" ", " ", " ", " ", " "], [" ", " ", "\u2588", " ", " "]], ",": [[" ", " ", " ", " ", " "], [" ", " ", " ", " ", " "], [" ", " ", " ", " ", " "], [" ", " ", " ", " ", " "], [" ", " ", " ", " ", " "], [" ", " ", "\u2588", " ", " "], [" ", "\u2588", " ", " ", " "]], "=": [[" ", " ", " ", " ", " "], [" ", " ", " ", " ", " "], [" ", " ", " ", " ", " "], ["\u2588", "\u2588", "\u2588", "\u2588", "\u2588"], [" ", " ", " ", " ", " "], ["\u2588", "\u2588", "\u2588", "\u2588", "\u2588"], [" ", " ", " ", " ", " "]], "-": [[" ", " ", " ", " ", " "], [" ", " ", " ", " ", " "], [" ", " ", " ", " ", " "], ["\u2588", "\u2588", "\u2588", "\u2588", "\u2588"], [" ", " ", " ", " ", " "], [" ", " ", " ", " ", " "], [" ", " ", " ", " ", " "]]}}
